<edmx:Edmx xmlns:edmx="http://docs.oasis-open.org/odata/ns/edmx" Version="4.0">
    <edmx:Reference Uri="https://sap.github.io/odata-vocabularies/vocabularies/Common.xml">
        <edmx:Include Namespace="com.sap.vocabularies.Common.v1" Alias="Common"/>
    </edmx:Reference>
    <edmx:Reference Uri="https://sap.github.io/odata-vocabularies/vocabularies/UI.xml">
        <edmx:Include Namespace="com.sap.vocabularies.UI.v1" Alias="UI"/>
    </edmx:Reference>
    <edmx:Reference Uri="/odata/v4/processor/$metadata">
        <edmx:Include Namespace="ProcessorService"/>
    </edmx:Reference>
    <edmx:DataServices>
        <Schema xmlns="http://docs.oasis-open.org/odata/ns/edm" Namespace="local">
            <Annotations Target="ProcessorService.Incidents">
                <Annotation Term="UI.SelectionFields">
                    <Collection>
                        <PropertyPath>status_code</PropertyPath>
                        <PropertyPath>urgency_code</PropertyPath>
                    </Collection>
                </Annotation>
                <Annotation Term="UI.LineItem">
                    <Collection>
                        <Record Type="UI.DataField">
                            <PropertyValue Property="Value" Path="title"/>
                            <PropertyValue Property="Label" String="{@i18n>title}"/>
                        </Record>
                        <Record Type="UI.DataField">
                            <PropertyValue Property="Value" Path="customer/name"/>
                            <PropertyValue Property="Label" String="{@i18n>customer}"/>
                        </Record>
                        <Record Type="UI.DataField">
                            <PropertyValue Property="Value" Path="status/descr"/>
                            <PropertyValue Property="Label" String="{@i18n>status}"/>
                            <PropertyValue Property="Criticality" Path="status/criticality"/>
                        </Record>
                        <Record Type="UI.DataField">
                            <PropertyValue Property="Value" Path="urgency/descr"/>
                            <PropertyValue Property="Label" String="{@i18n>urgency}"/>
                        </Record>
                    </Collection>
                </Annotation>
                <Annotation Term="UI.HeaderInfo">
                    <Record>
                        <PropertyValue Property="Title">
                            <Record Type="UI.DataField">
                                <PropertyValue Property="Value" Path="title"/>
                            </Record>
                        </PropertyValue>
                        <PropertyValue Property="TypeName" String=""/>
                        <PropertyValue Property="TypeNamePlural" String=""/>
                        <PropertyValue Property="Description">
                            <Record Type="UI.DataField">
                                <PropertyValue Property="Value" Path="customer/name"/>
                            </Record>
                        </PropertyValue>
                        <PropertyValue Property="TypeImageUrl" String="sap-icon://alert"/>
                    </Record>
                </Annotation>
                <Annotation Term="UI.Facets">
                    <Collection>
                        <Record Type="UI.CollectionFacet">
                            <PropertyValue Property="Label" String="{@i18n>overview}"/>
                            <PropertyValue Property="ID" String="i18noverview"/>
                            <PropertyValue Property="Facets">
                                <Collection>
                                    <Record Type="UI.ReferenceFacet">
                                        <PropertyValue Property="Label" String="{@i18n>generalInformation}"/>
                                        <PropertyValue Property="ID" String="i18ngeneralInformation"/>
                                        <PropertyValue Property="Target" AnnotationPath="@UI.FieldGroup#i18ngeneralInformation"/>
                                    </Record>
                                    <Record Type="UI.ReferenceFacet">
                                        <PropertyValue Property="Label" String="{@i18n>details}"/>
                                        <PropertyValue Property="ID" String="i18ndetails"/>
                                        <PropertyValue Property="Target" AnnotationPath="@UI.FieldGroup#i18ndetails"/>
                                    </Record>
                                </Collection>
                            </PropertyValue>
                        </Record>
                        <Record Type="UI.ReferenceFacet">
                            <PropertyValue Property="Label" String="{@i18n>conversation}"/>
                            <PropertyValue Property="ID" String="i18nconversation"/>
                            <PropertyValue Property="Target" AnnotationPath="conversation/@UI.LineItem#i18nconversation"/>
                        </Record>
                    </Collection>
                </Annotation>
                <Annotation Term="UI.FieldGroup" Qualifier="i18ndetails">
                    <Record Type="UI.FieldGroupType">
                        <PropertyValue Property="Data">
                            <Collection>
                                <Record Type="UI.DataField">
                                    <PropertyValue Property="Value" Path="status_code"/>
                                </Record>
                                <Record Type="UI.DataField">
                                    <PropertyValue Property="Value" Path="urgency_code"/>
                                </Record>
                            </Collection>
                        </PropertyValue>
                    </Record>
                </Annotation>
                <Annotation Term="UI.FieldGroup" Qualifier="i18ngeneralInformation">
                    <Record Type="UI.FieldGroupType">
                        <PropertyValue Property="Data">
                            <Collection>
                                <Record Type="UI.DataField">
                                    <PropertyValue Property="Value" Path="title"/>
                                    <PropertyValue Property="Label" String="{@i18n>title}"/>
                                </Record>
                                <Record Type="UI.DataField">
                                    <PropertyValue Property="Value" Path="customer_ID"/>
                                    <PropertyValue Property="Label" String="{@i18n>customer}"/>
                                </Record>
                            </Collection>
                        </PropertyValue>
                    </Record>
                </Annotation>
            </Annotations>
            <Annotations Target="ProcessorService.Incidents/status_code">
                <Annotation Term="Common.Label" String="{@i18n>status}"/>
                <Annotation Term="Common.ValueList">
                    <Record Type="Common.ValueListType">
                        <PropertyValue Property="CollectionPath" String="Status"/>
                        <PropertyValue Property="Parameters">
                            <Collection>
                                <Record Type="Common.ValueListParameterInOut">
                                    <PropertyValue Property="LocalDataProperty" PropertyPath="status_code"/>
                                    <PropertyValue Property="ValueListProperty" String="code"/>
                                </Record>
                                <Record Type="Common.ValueListParameterDisplayOnly">
                                    <PropertyValue Property="ValueListProperty" String="name"/>
                                </Record>
                            </Collection>
                        </PropertyValue>
                    </Record>
                </Annotation>
                <Annotation Term="Common.ValueListWithFixedValues" Bool="true"/>
                <Annotation Term="Common.Text" Path="status/descr"/>
            </Annotations>
            <Annotations Target="ProcessorService.Incidents/urgency_code">
                <Annotation Term="Common.Label" String="{@i18n>urgency}"/>
                <Annotation Term="Common.ValueList">
                    <Record Type="Common.ValueListType">
                        <PropertyValue Property="CollectionPath" String="Urgency"/>
                        <PropertyValue Property="Parameters">
                            <Collection>
                                <Record Type="Common.ValueListParameterInOut">
                                    <PropertyValue Property="LocalDataProperty" PropertyPath="urgency_code"/>
                                    <PropertyValue Property="ValueListProperty" String="code"/>
                                </Record>
                                <Record Type="Common.ValueListParameterDisplayOnly">
                                    <PropertyValue Property="ValueListProperty" String="name"/>
                                </Record>
                            </Collection>
                        </PropertyValue>
                    </Record>
                </Annotation>
                <Annotation Term="Common.ValueListWithFixedValues" Bool="true"/>
                <Annotation Term="Common.Text" Path="urgency/descr"/>
            </Annotations>
            <Annotations Target="ProcessorService.Status/code">
                <Annotation Term="Common.Text" Path="descr"/>
            </Annotations>
            <Annotations Target="ProcessorService.Urgency/code">
                <Annotation Term="Common.Text" Path="descr"/>
            </Annotations>
            <Annotations Target="ProcessorService.Incidents/customer_ID">
                <Annotation Term="Common.Text" Path="customer/name">
                    <Annotation Term="UI.TextArrangement" EnumMember="UI.TextArrangementType/TextOnly"/>
                </Annotation>
                <Annotation Term="Common.ValueList">
                    <Record Type="Common.ValueListType">
                        <PropertyValue Property="CollectionPath" String="Customers"/>
                        <PropertyValue Property="Parameters">
                            <Collection>
                                <Record Type="Common.ValueListParameterInOut">
                                    <PropertyValue Property="LocalDataProperty" PropertyPath="customer_ID"/>
                                    <PropertyValue Property="ValueListProperty" String="ID"/>
                                </Record>
                                <Record Type="Common.ValueListParameterDisplayOnly">
                                    <PropertyValue Property="ValueListProperty" String="name"/>
                                </Record>
                                <Record Type="Common.ValueListParameterDisplayOnly">
                                    <PropertyValue Property="ValueListProperty" String="email"/>
                                </Record>
                            </Collection>
                        </PropertyValue>
                    </Record>
                </Annotation>
                <Annotation Term="Common.ValueListWithFixedValues" Bool="true"/>
            </Annotations>
            <Annotations Target="ProcessorService.Customers/ID">
                <Annotation Term="Common.Text" Path="name"/>
            </Annotations>
            <Annotations Target="ProcessorService.Incidents_conversation">
                <Annotation Term="UI.LineItem" Qualifier="i18nconversation">
                    <Collection>
                        <Record Type="UI.DataField">
                            <PropertyValue Property="Value" Path="author"/>
                            <PropertyValue Property="Label" String="{@i18n>author}"/>
                        </Record>
                        <Record Type="UI.DataField">
                            <PropertyValue Property="Value" Path="message"/>
                            <PropertyValue Property="Label" String="{@i18n>message}"/>
                        </Record>
                        <Record Type="UI.DataField">
                            <PropertyValue Property="Value" Path="timestamp"/>
                            <PropertyValue Property="Label" String="{@i18n>date}"/>
                        </Record>
                    </Collection>
                </Annotation>
            </Annotations>
        </Schema>
    </edmx:DataServices>
</edmx:Edmx>